<?xml version="1.0" encoding="UTF-8"?>
<!DOCTYPE mapper
  PUBLIC "-//mybatis.org//DTD Mapper 3.0//EN"
  "http://mybatis.org/dtd/mybatis-3-mapper.dtd">
<mapper namespace="com.app.mypage.dao.MypageDao"> 
	
	
	<insert id="insertRoomInfo" parameterType="com.app.mypage.dto.UploadRequestDto" useGeneratedKeys="true" keyProperty="property_service_id"> 
		insert
		into
		property_service(
			ps_service_type,
			property_type_id,
			price,
			feet,
			pname,
			deposit,
			charge,
			count,
			registration_date,
			move_date,
			address,
			floor,
			description,
			private_property,
			user_id,
			telephone,
			month_price
		)values
			(1, #{property_type_id},#{price},#{feet},#{pname},#{deposit},#{charge},#{count},now(),#{move_date},#{address},#{floor},#{description},0,#{user_id},#{telephone},#{month_price})
	</insert>

	<insert id="insertFile"> 
	insert into images(filename,filepath,property_id,property_service_id,ps_service_type)
	values
	<foreach collection="list" item="item" separator=",">
		(#{item.filename}, #{item.filepath},null, #{id},1)
	</foreach>
	</insert>
	
	<select id="getImageP" resultType="com.app.dto.ImagesDTO">
		SELECT
		property_id,
		property_service_id,
		filename,
		filepath,
		p_service_type,
		ps_service_type
		FROM (
		SELECT
		property_id,
		property_service_id,
		filename,
		filepath,
		p_service_type,
		ps_service_type,
		ROW_NUMBER() OVER(PARTITION BY
		property_id ORDER BY image_id) as
		img_sequence
		FROM images
		) AS
		img
		WHERE img.img_sequence = 1 and
		property_id=#{id1} and
		p_service_type=#{id2}
	</select>
	<!-- 썸네일 -->
	<select id="getImagePs" resultType="com.app.dto.ImagesDTO">
		SELECT
		property_id,
		property_service_id,
		filename,
		filepath,
		p_service_type,
		ps_service_type
		FROM (
		SELECT
		property_id,
		property_service_id,
		filename,
		filepath,
		p_service_type,
		ps_service_type,
		ROW_NUMBER() OVER(PARTITION BY
		property_service_id ORDER BY image_id) as
		img_sequence
		FROM images
		) AS
		img
		WHERE img.img_sequence = 1 and
		property_service_id=#{id1} and
		ps_service_type=#{id2}
	</select>
	<insert id="insertLikeList" parameterType="com.app.dto.LikeListDTO">
		insert 
		into 
			like_list user_id,
			p_service_type,
			ps_service_type,
			property_service_id,
			property_id 
		values("#{user_id},#{p_service_type},#{ps_service_type},#{property_service_id},#{property_id}")
	</insert>
	
	<select id="getMyLikeList"  parameterType="int" resultType="com.app.property.dto.PropertyResultDTO">
		SELECT
    		COALESCE(p.pname, ps.pname)pname,
    		l.like_list_id,
    		COALESCE(p.price, ps.price) AS price,
    		COALESCE(p.deposit,ps.deposit) AS deposit,
    		COALESCE(p.month_price,ps.month_price) AS month_price,
    		COALESCE(p.property_type_id, ps.property_type_id) AS property_type_id,
    		l.property_service_id,
    		l.property_id,
    		l.ps_service_type,
    		l.p_service_type
		FROM
    		like_list AS l
		LEFT JOIN property AS p ON l.property_id = p.property_id AND l.p_service_type = p.p_service_type
		LEFT JOIN property_service AS ps ON l.property_service_id = ps.property_service_id AND l.ps_service_type = ps.ps_service_type
		WHERE l.user_id=#{user_id}
	</select>
<!-- confirm 알림 -->
	<select id="getNotify" parameterType="int" resultType="com.app.mypage.dto.NotifyResponseDto">
	
		SELECT 
		    n.notify_id,
		    n.notify_check,
		    n.confirm_id,
		   	n.question_id,
		    c.confirm_check,
		    c.property_service_id,
		    c.ps_service_type,
		    ps.pname,
		    ps.address
		FROM 
		    notify n   
		INNER JOIN 
		    confirm c ON n.confirm_id = c.confirm_id
		JOIN 
    	property_service ps ON c.property_service_id = ps.property_service_id AND c.ps_service_type = ps.ps_service_type
		WHERE n.user_id=#{user_id}
		ORDER BY n.notify_id
			
	</select>
</mapper>