<?xml version="1.0" encoding="UTF-8"?>
<!DOCTYPE mapper PUBLIC "-//mybatis.org//DTD Mapper 3.0//EN" "http://mybatis.org/dtd/mybatis-3-mapper.dtd">
<mapper namespace="com.app.security.dao.UserDao">
    <!-- User 테이블 가져오기 -->
    <select id="getUserList" resultType="com.app.dto.UserDTO">
        SELECT *
        FROM users
    </select>


	<!--  아이디 중복 체크 -->
	<select id="idCheck" parameterType="String" resultType="int">
        SELECT count(*) 
        FROM users 
        WHERE id= #{id}
    </select>

	
    <!-- 회원가입 -->
    <insert id="insertUser">
        INSERT INTO users
        	(user_id, password, email, id, role)
        VALUES
            (#{user_id}, #{password}, #{email}, #{id} ,'USER')
    </insert>

    <!-- 회원 정보 가져오기 -->
    <select id="getUserByEmail" resultType="com.app.dto.UserDTO">
        SELECT *
        FROM users
        WHERE email = #{email}
    </select>

    <select id="getUserById" resultType="com.app.dto.UserDTO">
        SELECT *
        FROM users
        WHERE id = #{id}
    </select>

    <!-- 회원정보 수정 -->
    <update id="updateUser" parameterType="com.app.dto.UserDTO">
        UPDATE users
        SET 
            password = #{password},
            email = #{email}
        WHERE id = #{id}
    </update>

    <!-- 탈퇴 -->
    <delete id="deleteUser">
        DELETE
        FROM users
        WHERE id = #{id}
    </delete>
</mapper>